"id","adu_numero","adu_seccion","adu_denomina"
"1","01","0","ACAPULCO, ACAPULCO DE JUAREZ, GUERRERO."
"2","01","2","AEROPUERTO INTERNACIONAL GENERAL JUAN N. ALVAREZ, ACAPULCO, GUERRERO."
"3","02","0","AGUA PRIETA, AGUA PRIETA, SONORA."
"4","05","0","SUBTENIENTE LOPEZ, SUBTENIENTE LOPEZ, QUINTANA ROO."
"5","05","1","SUBTENIENTE LOPEZ II ""CHACTEMAL"", OTH"
"6","06","0","CIUDAD DEL CARMEN, CIUDAD DEL CARMEN, CAMPECHE."
"7","06","3","SEYBAPLAYA, CHAMPOTON, CAMPECHE."
"8","07","0","CIUDAD JUAREZ, CIUDAD JUAREZ, CHIHUAHUA."
"9","07","1","PUENTE INTERNACIONAL ZARAGOZA-ISLETA, CIUDAD JUAREZ, CHIHUAHUA."
"10","07","2","SAN JERONIMO-SANTA TERESA, CIUDAD JUAREZ, CHIHUAHUA."
"11","07","3","AEROPUERTO INTERNACIONAL ABRAHAM GONZALEZ, CIUDAD JUAREZ, CHIHUAHUA."
"12","07","4","GUADALUPE-TORNILLO, GUADALUPE DE BRAVO, CHIHUAHUA."
"13","08","0","COATZACOALCOS, COATZACOALCOS, VERACRUZ."
"14","11","0","ENSENADA, ENSENADA, BAJA CALIFORNIA."
"15","12","0","GUAYMAS, GUAYMAS, SONORA."
"16","12","1","AEROPUERTO INTERNACIONAL GENERAL IGNACIO PESQUEIRA GARCIA, HERMOSILLO, SONORA."
"17","12","3","CIUDAD OBREGON ADYACENTE AL AEROPUERTO DE CIUDAD OBREGON, CAJEME, SONORA."
"18","14","0","LA PAZ, LA PAZ, BAJA CALIFORNIA SUR."
"19","14","2","SAN JOSE DEL CABO, LOS CABOS, BAJA CALIFORNIA SUR."
"20","14","3","CABO SAN LUCAS, LOS CABOS, BAJA CALIFORNIA SUR."
"21","14","4","SANTA ROSALIA, MULEGE, BAJA CALIFORNIA SUR."
"22","14","5","LORETO, LORETO, BAJA CALIFORNIA SUR."
"23","14","7","PICHILING"
"24","16","0","MANZANILLO, MANZANILLO, COLIMA."
"25","16","1","ARMER"
"26","17","0","MATAMOROS, MATAMOROS, TAMAULIPAS."
"27","17","1","LUCIO BLANCO-LOS INDIOS, MATAMOROS, TAMAULIPAS."
"28","17","2","SECCION ADUANERA FERROVIARIA DE MATAMOROS."
"29","17","","PUERTO EL MEZQUITAL, MATAMOROS, TAMAULIPAS."
"30","17","","AEROPUERTO INTERNACIONAL GENERAL SERVANDO CANALES, MATAMOROS, TAMAULIPAS."
"31","18","0","MAZATLAN, MAZATLAN, SINALOA."
"32","18","3","TOPOLOBAMPO, AHOME, SINALOA."
"33","18","4","AEROPUERTO INTERNACIONAL DE CULIACAN, CULIACAN, SINALOA."
"34","19","0","MEXICALI, MEXICALI, BAJA CALIFORNIA."
"35","19","2","LOS ALGODONES, MEXICALI, BAJA CALIFORNIA."
"36","19","3","SAN FELIPE, MEXICALI, BAJA CALIFORNIA."
"37","20","0","MEXICO, DISTRITO FEDERAL."
"38","20","2","IMPORTACION Y EXPORTACION DE CONTENEDORES, DELEGACION AZCAPOTZALCO, DISTRITO FEDERAL."
"39","22","0","NACO, NACO, SONORA."
"40","23","0","NOGALES, NOGALES, SONORA."
"41","23","1","SASABE, SARIC, SONORA."
"42","24","0","NUEVO LAREDO, NUEVO LAREDO, TAMAULIPAS."
"43","24","","ESTACION SANCHEZ, NUEVO LAREDO, TAMAULIPAS"
"44","24","","AEROPUERTO INTERNACIONAL DE NUEVO LAREDO "
"45","25","0","OJINAGA, OJINAGA, CHIHUAHUA."
"46","26","0","PUERTO PALOMAS, PUERTO PALOMAS, CHIHUAHUA."
"47","27","0","PIEDRAS NEGRAS, PIEDRAS NEGRAS, COAHUILA."
"48","27","1","AEROPUERTO INTERNACIONAL PLAN DE GUADALUPE, RAMOS ARIZPE, COAHUILA."
"49","27","","RIO ESCONDIDO, NAVA, COAHUILA."
"50","28","0","PROGRESO, PROGRESO, YUCATAN."
"51","28","2","AEROPUERTO INTERNACIONAL LIC. MANUEL CRESCENCIO REJON, MERIDA, YUCATAN."
"52","30","0","CIUDAD REYNOSA, CIUDAD REYNOSA, TAMAULIPAS."
"53","30","2","LAS FLORES, RIO BRAVO, TAMAULIPAS."
"54","30","4","AEROPUERTO INTERNACIONAL GENERAL. LUCIO BLANCO, CIUDAD REYNOSA, TAMAULIPAS."
"55","30","5","RIO BRAVO-DONNA, RIO BRAVO, TAMAULIPAS."
"56","30","6","ANZALDUAS, CIUDAD REYNOSA, TAMAULIPAS."
"57","31","0","SALINA CRUZ, SALINA CRUZ, OAXACA."
"58","31","1","AEROPUERTO INTERNACIONAL DE OAXACA, SANTA CRUZ XOXOCOTLAN, OAXACA."
"59","33","0","SAN LUIS RIO COLORADO, SAN LUIS RIO COLORADO, SONORA."
"60","34","0","CIUDAD MIGUEL ALEMAN, CIUDAD MIGUEL ALEMAN, TAMAULIPAS."
"61","34","2","GUERRERO, GUERRERO, TAMAULIPAS."
"62","37","0","CIUDAD HIDALGO, CIUDAD HIDALGO, CHIAPAS."
"63","37","2","CIUDAD TALISMAN, TUXTLA CHICO, CHIAPAS."
"64","37","6","CIUDAD CUAUHTEMOC, FRONTERA COMALAPA, CHIAPAS."
"65","37","5","PUERTO CHIAPAS, TAPACHULA, CHIAPAS."
"66","37","","AEROPUERTO INTERNACIONAL DE TAPACHULA, TAPACHULA, CHIAPAS."
"67","38","0","TAMPICO, TAMPICO, TAMAULIPAS."
"68","39","0","TECATE, TECATE, BAJA CALIFORNIA."
"69","40","0","TIJUANA, TIJUANA, BAJA CALIFORNIA."
"70","40","2","AEROPUERTO INTERNACIONAL GENERAL ABELARDO L. RODRIGUEZ, TIJUANA, BAJA CALIFORNIA."
"71","42","0","TUXPAN, TUXPAN DE RODRIGUEZ CANO, VERACRUZ."
"72","42","1","TUXPAN, TUXPAN, VERACRUZ."
"73","43","0","VERACRUZ, VERACRUZ, VERACRUZ."
"74","43","2","AEROPUERTO INTERNACIONAL GENERAL HERIBERTO JARA CORONA, VERACRUZ, VERACRUZ."
"75","44","0","CIUDAD ACU"
"76","46","0","TORREON, TORREON, COAHUILA."
"77","46","","GOMEZ PALACIO, GOMEZ PALACIO, DURANGO."
"78","46","","AEROPUERTO INTERNACIONAL GENERAL GUADALUPE VICTORIA, DURANGO, DURANGO."
"79","46","1","AEROPUERTO DE TORRE"
"80","46","2","GOMEZ PALACIO, GOMEZ PALACIO, DURANGO."
"81","46","3","AEROPUERTO INTERNACIONAL GENERAL GUADALUPE VICTORIA, DURANGO, DURANGO."
"82","47","0","AEROPUERTO INTERNACIONAL DE LA CIUDAD DE MEXICO,"
"83","47","1","SATELITE, PARA IMPORTACION Y EXPORTACION POR VIA AEREA, AEROPUERTO INTERNACIONAL BENITO JUAREZ DE LA CIUDAD DE MEXICO."
"84","47","2","CENTRO POSTAL MECANIZADO, POR VIA POSTAL Y POR TRAFICO AEREO, AEROPUERTO INTERNACIONAL BENITO JUAREZ DE LA CIUDAD DE MEXICO."
"85","48","0","GUADALAJARA, TLACOMULCO DE ZU"
"86","48","1","PUERTO VALLARTA, PUERTO VALLARTA, JALISCO."
"87","48","4","TERMINAL INTERMODAL FERROVIARIA, GUADALAJARA, JALISCO."
"88","50","0","SONOYTA, SONOYTA, SONORA."
"89","50","1","SAN EMETERIO, GENERAL PLUTARCO ELIAS CALLES, SONORA."
"90","50","","SONORA, PITIQUITO, SONORA."
"91","51","0","LAZARO CARDENAS, LAZARO CARDENAS, MICHOACAN."
"92","51","1","AEROPUERTO INTERNACIONAL IXTAPA-ZIHUATANEJO, ZIHUATANEJO DE AZUETA, GUERRERO."
"93","52","0","MONTERREY, GENERAL MARIANO ESCOBEDO, NUEVO LEON."
"94","52","1","AEROPUERTO INTERNACIONAL GENERAL MARIANO ESCOBEDO, APODACA, NUEVO LEON."
"95","52","3","SALINAS VICTORIA A (TERMINAL FERROVIARIA), SALINAS VICTORIA, NUEVO LEON."
"96","52","4","GENERAL ESCOBEDO, GENERAL ESCOBEDO, NUEVO LEON."
"97","52","5","SALINAS VICTORIA B (INTERPUERTO), SALINAS VICTORIA, NUEVO LE"
"98","53","0","CANCUN, CANCUN, QUINTANA ROO."
"99","53","2","AEROPUERTO INTERNACIONAL DE COZUMEL, COZUMEL, QUINTANA ROO."
"100","53","3","PUERTO MORELOS, BENITO JUAREZ, QUINTANA ROO."
"101","64","0","QUERETARO, EL MARQUES Y COLON, QUERETARO."
"102","64","7","HIDALGO, ATOTONILCO DE TULA, HIDALGO."
"103","65","0","TOLUCA, TOLUCA, ESTADO DE MEXICO."
"104","65","1","SAN CAYETANO MORELOS, TOLUCA, ESTADO DE M"
"105","67","0","CHIHUAHUA, CHIHUAHUA, CHIHUAHUA."
"106","67","1","PARQUE INDUSTRIAL LAS AMERICAS, CHIHUAHUA, CHIHUAHUA."
"107","67","2","AEROPUERTO INTERNACIONAL GENERAL ROBERTO FIERRO VILLALOBOS, CHIHUAHUA, CHIHUAHUA."
"108","73","0","AGUASCALIENTES, AGUASCALIENTES, AGUASCALIENTES."
"109","73","1","PARQUE MULTIMODAL INTERPUERTO, SAN LUIS POTOSI, SAN LUIS POTOSI."
"110","73","3","AEROPUERTO INTERNACIONAL PONCIANO ARRIAGA, SOLEDAD DE GRACIANO SANCHEZ, SAN LUIS POTOSI."
"111","73","2","AEROPUERTO INTERNACIONAL GENERAL LEOBARDO C. RUIZ, EN CALERA ZACATECAS."
"112","73","4","LA PILA-VILLA, VILLA DE REYES, SAN LUIS POTOSI."
"113","73","","CHICALOTE, SAN FRANCISCO DE LOS ROMO, AGUASCALIENTES."
"114","73","5","AEROPUERTO INTERNACIONAL LIC. JESUS TERAN PEREDO, AGUASCALIENTES, AGUASCALIENTES."
"115","75","0","PUEBLA, HEROICA PUEBLA DE ZARAGOZA, PUEBLA."
"116","75","1","CUERNAVACA, JIUTEPEC, MORELOS."
"117","75","4","AEROPUERTO INTERNACIONAL HERMANOS SERDAN, HUEJOTZINGO, PUEBLA."
"118","80","0","COLOMBIA, COLOMBIA, NUEVO LEON."
"119","81","0","ALTAMIRA, ALTAMIRA, TAMAULIPAS."
"120","82","0","CIUDAD CAMARGO, CIUDAD CAMARGO, TAMAULIPAS."
"121","83","0","DOS BOCAS, PARAISO, TABASCO."
"122","83","1","AEROPUERTO INTERNACIONAL C.P.A. CARLOS ROVIROSA PEREZ, CIUDAD DE VILLAHERMOSA, CENTRO, TABASCO."
"123","83","4","EL CEIBO, TENOSIQUE, TABASCO."
"124","84","0","GUANAJUATO, SILAO, GUANAJUATO."
"125","84","1","CELAYA, CELAYA, GUANAJUATO."
"126","84","2","AEROPUERTO INTERNACIONAL DE GUANAJUATO, SILAO, GUANAJUATO."
"127","0","0","Acapulco, Gro."
"128","0","0","Agua Prieta, Sonora."
"129","0","0","Subteniente L??pez, Q. Roo"
"130","0","0","Cd. Del Carmen, Camp."
"131","1","1","Campeche, Camp."
"132","2","2","Frontera, Tab."
"133","0","0","Cd. Ju?írez, Chih."
"134","1","1","Puente Internal. Zaragoza-Isle"
"135","2","2","San Jeronimo-Sta. Teresa"
"136","3","3","Aeropuerto Internal. Ju?írez"
"137","0","0","Coatzacoalcos, Ver."
"138","1","1","Aeropuerto Internal. Villahermosa"
"139","0","0","Ensenada, B.C."
"140","0","0","Guaymas, Son."
"141","0","0","La Paz, B.C.S."
"142","2","2","San Jos? Del Cabo, B.C.S."
"143","3","3","Cabo San Lucas, B.C.S."
"144","4","4","Santa Rosalia, B.C.S."
"145","5","5","Loreto, B.C.S."
"146","7","7","Pichilingue, B.C.S."
"147","0","0","Manzanillo, Col."
"148","0","0","Matamoros, Tamps."
"149","1","1","Pte. Internal Lucio Blanco-Los"
"150","0","0","Mazatlan, Sin."
"151","3","3","Topolobampo, Sin."
"152","4","4","Aeropuerto Internal. De Culiacan"
"153","0","0","Mexicali, B.C."
"154","2","2","Los Algodones, B.C."
"155","3","3","San Felipe, B.C."
"156","0","0","M?®xico"
"157","1","1","Postal Del D.F."
"158","2","2","Pantaco, D. F."
"159","0","0","Naco, Son."
"160","0","0","Nogales, Son."
"161","1","1","Sasabe, Son."
"162","0","0","Nuevo Laredo, Tamps."
"163","0","0","Ojinaga, Chih."
"164","0","0","Puerto Palomas, Chih."
"165","0","0","Piedras Negras, Coah."
"166","1","1","Aeropuerto De Ramos Arizpe, Coahuila"
"167","0","0","Progreso, Yuc."
"168","2","2","Aeropuerto Internal. De M?rida"
"169","0","0","Cd. Reynosa, Tamps."
"170","2","2","Las Flores Cd. Nuevo Progreso,"
"171","3","3","Nuevo Amanecer, Cd. Reynosa, Tamps."
"172","0","0","Salina Cruz, Oax."
"173","0","0","San Luis R?¡o Colorado, Son."
"174","0","0","Cd. Miguel Alem?n, Tamps."
"175","2","2","Nva. Ciudad Guerrero, Tamps."
"176","0","0","Cd. Hidalgo, Chis."
"177","1","1","Tapachula, Chis."
"178","2","2","Talism?n, Chis."
"179","5","5","Puerto Madero, Chis."
"180","6","6","Cd. Cuauhtemoc, Chis."
"181","0","0","Tampico, Tamps."
"182","0","0","Tecate, B.C."
"183","0","0","Tijuana, B.C."
"184","1","1","Mesa De Otay, B.C."
"185","2","2","Aeropuerto Internal. Tijuana,"
"186","0","0","Tuxpan, Ver"
"187","0","0","Veracruz, Ver."
"188","2","2","Aeropuerto Internal. Veracruz,"
"189","0","0","Cd. Acu?a, Coah."
"190","0","0","Torre?n, Coah."
"191","0","0","Aeropuerto Internal. Cd. De M?xico"
"192","1","1","Sat?lite Lado Sur Del Aeropuerto"
"193","2","2","Centro Postal, Mecanizado, Del"
"194","0","0","Guadalajara, Jal."
"195","1","1","Puerto Vallarta, Jal."
"196","4","4","Terminal Intermodal Ferroviaria"
"197","0","0","Sonoyta, Son."
"198","1","1","San Emeterio, Son."
"199","0","0","L?zaro C?rdenas, Mich."
"200","1","1","Zihuatanejo, Gro."
"201","0","0","Monterrey, N.L."
"202","1","1","Aeropuerto Internal. De Apodaca"
"203","0","0","Cancun, Q. Roo."
"204","2","2","Aeropuerto Internal. De Cozumel"
"205","3","3","Puerto Morelos, Q. Roo."
"206","0","0","Quer?taro, Qro."
"207","2","2","Aeropuerto Internal. De Morelia"
"208","3","3","Celaya, Gto. (Exportaci?n)"
"209","4","4","Aeropuerto Internal. Del Baj"
"210","5","5","Le?n, Gto. (Exportaci?n)"
"211","0","0","Toluca, Mex."
"212","0","0","Chihuahua, Chih."
"213","1","1","Parque Ind. Las Am?ricas, Chi"
"214","2","2","Aeropuerto Internal. Chihuahua"
"215","0","0","Aguascalientes, Ags."
"216","1","1","San Luis Potos?, S.L.P.(Exportaci?n)"
"217","2","2","Aeropuerto Internal. De Calera"
"218","0","0","Puebla, Pue."
"219","1","1","Cuernavaca, Mor."
"220","2","2","Tlaxcala, Tlax."
"221","0","0","Colombia, N.L."
"222","0","0","Altamira, Tamps."
"223","0","0","Cd. Camargo, Tamps."
"224","0","0","Dos Bocas, Tab. y Aeropuerto Internal. de Palenque, Chi."
"225","1","1","Aeropuerto Internal. ""C.P. A. Carlos Robirosa"", Villahermosa"
"226","2","2","Frontera, Tabasco."
"227","0","0","Acapulco, Gro."
"228","0","0","Agua Prieta, Sonora."
"229","0","0","Subteniente L??pez, Q. Roo"
"230","0","0","Cd. Del Carmen, Camp."
"231","1","1","Campeche, Camp."
"232","2","2","Frontera, Tab."
"233","0","0","Cd. Ju?írez, Chih."
"234","1","1","Puente Internal. Zaragoza-Isle"
"235","2","2","San Jeronimo-Sta. Teresa"
"236","3","3","Aeropuerto Internal. Ju?írez"
"237","0","0","Coatzacoalcos, Ver."
"238","1","1","Aeropuerto Internal. Villahermosa"
"239","0","0","Ensenada, B.C."
"240","0","0","Guaymas, Son."
"241","0","0","La Paz, B.C.S."
"242","2","2","San Jos? Del Cabo, B.C.S."
"243","3","3","Cabo San Lucas, B.C.S."
"244","4","4","Santa Rosalia, B.C.S."
"245","5","5","Loreto, B.C.S."
"246","7","7","Pichilingue, B.C.S."
"247","0","0","Manzanillo, Col."
"248","0","0","Matamoros, Tamps."
"249","1","1","Pte. Internal Lucio Blanco-Los"
"250","0","0","Mazatlan, Sin."
"251","3","3","Topolobampo, Sin."
"252","4","4","Aeropuerto Internal. De Culiacan"
"253","0","0","Mexicali, B.C."
"254","2","2","Los Algodones, B.C."
"255","3","3","San Felipe, B.C."
"256","0","0","M?®xico"
"257","1","1","Postal Del D.F."
"258","2","2","Pantaco, D. F."
"259","0","0","Naco, Son."
"260","0","0","Nogales, Son."
"261","1","1","Sasabe, Son."
"262","0","0","Nuevo Laredo, Tamps."
"263","0","0","Ojinaga, Chih."
"264","0","0","Puerto Palomas, Chih."
"265","0","0","Piedras Negras, Coah."
"266","1","1","Aeropuerto De Ramos Arizpe, Coahuila"
"267","0","0","Progreso, Yuc."
"268","2","2","Aeropuerto Internal. De M?rida"
"269","0","0","Cd. Reynosa, Tamps."
"270","2","2","Las Flores Cd. Nuevo Progreso,"
"271","3","3","Nuevo Amanecer, Cd. Reynosa, Tamps."
"272","0","0","Salina Cruz, Oax."
"273","0","0","San Luis R?¡o Colorado, Son."
"274","0","0","Cd. Miguel Alem?n, Tamps."
"275","2","2","Nva. Ciudad Guerrero, Tamps."
"276","0","0","Cd. Hidalgo, Chis."
"277","1","1","Tapachula, Chis."
"278","2","2","Talism?n, Chis."
"279","5","5","Puerto Madero, Chis."
"280","6","6","Cd. Cuauhtemoc, Chis."
"281","0","0","Tampico, Tamps."
"282","0","0","Tecate, B.C."
"283","0","0","Tijuana, B.C."
"284","1","1","Mesa De Otay, B.C."
"285","2","2","Aeropuerto Internal. Tijuana,"
"286","0","0","Tuxpan, Ver"
"287","0","0","Veracruz, Ver."
"288","2","2","Aeropuerto Internal. Veracruz,"
"289","0","0","Cd. Acu?a, Coah."
"290","0","0","Torre?n, Coah."
"291","0","0","Aeropuerto Internal. Cd. De M?xico"
"292","1","1","Sat?lite Lado Sur Del Aeropuerto"
"293","2","2","Centro Postal, Mecanizado, Del"
"294","0","0","Guadalajara, Jal."
"295","1","1","Puerto Vallarta, Jal."
"296","4","4","Terminal Intermodal Ferroviaria"
"297","0","0","Sonoyta, Son."
"298","1","1","San Emeterio, Son."
"299","0","0","L?zaro C?rdenas, Mich."
"300","1","1","Zihuatanejo, Gro."
"301","0","0","Monterrey, N.L."
"302","1","1","Aeropuerto Internal. De Apodaca"
"303","0","0","Cancun, Q. Roo."
"304","2","2","Aeropuerto Internal. De Cozumel"
"305","3","3","Puerto Morelos, Q. Roo."
"306","0","0","Quer?taro, Qro."
"307","2","2","Aeropuerto Internal. De Morelia"
"308","3","3","Celaya, Gto. (Exportaci?n)"
"309","4","4","Aeropuerto Internal. Del Baj"
"310","5","5","Le?n, Gto. (Exportaci?n)"
"311","0","0","Toluca, Mex."
"312","0","0","Chihuahua, Chih."
"313","1","1","Parque Ind. Las Am?ricas, Chi"
"314","2","2","Aeropuerto Internal. Chihuahua"
"315","0","0","Aguascalientes, Ags."
"316","1","1","San Luis Potos?, S.L.P.(Exportaci?n)"
"317","2","2","Aeropuerto Internal. De Calera"
"318","0","0","Puebla, Pue."
"319","1","1","Cuernavaca, Mor."
"320","2","2","Tlaxcala, Tlax."
"321","0","0","Colombia, N.L."
"322","0","0","Altamira, Tamps."
"323","0","0","Cd. Camargo, Tamps."
"324","0","0","Dos Bocas, Tab. y Aeropuerto Internal. de Palenque, Chi."
"325","1","1","Aeropuerto Internal. ""C.P. A. Carlos Robirosa"", Villahermosa"
"326","2","2","Frontera, Tabasco."
"327","0","0","Acapulco, Gro."
"328","0","0","Agua Prieta, Sonora."
"329","0","0","Subteniente L??pez, Q. Roo"
"330","0","0","Cd. Del Carmen, Camp."
"331","1","1","Campeche, Camp."
"332","2","2","Frontera, Tab."
"333","0","0","Cd. Ju?írez, Chih."
"334","1","1","Puente Internal. Zaragoza-Isle"
"335","2","2","San Jeronimo-Sta. Teresa"
"336","3","3","Aeropuerto Internal. Ju?írez"
"337","0","0","Coatzacoalcos, Ver."
"338","1","1","Aeropuerto Internal. Villahermosa"
"339","0","0","Ensenada, B.C."
"340","0","0","Guaymas, Son."
"341","0","0","La Paz, B.C.S."
"342","2","2","San Jos? Del Cabo, B.C.S."
"343","3","3","Cabo San Lucas, B.C.S."
"344","4","4","Santa Rosalia, B.C.S."
"345","5","5","Loreto, B.C.S."
"346","7","7","Pichilingue, B.C.S."
"347","0","0","Manzanillo, Col."
"348","0","0","Matamoros, Tamps."
"349","1","1","Pte. Internal Lucio Blanco-Los"
"350","0","0","Mazatlan, Sin."
"351","3","3","Topolobampo, Sin."
"352","4","4","Aeropuerto Internal. De Culiacan"
"353","0","0","Mexicali, B.C."
"354","2","2","Los Algodones, B.C."
"355","3","3","San Felipe, B.C."
"356","0","0","M?®xico"
"357","1","1","Postal Del D.F."
"358","2","2","Pantaco, D. F."
"359","0","0","Naco, Son."
"360","0","0","Nogales, Son."
"361","1","1","Sasabe, Son."
"362","0","0","Nuevo Laredo, Tamps."
"363","0","0","Ojinaga, Chih."
"364","0","0","Puerto Palomas, Chih."
"365","0","0","Piedras Negras, Coah."
"366","1","1","Aeropuerto De Ramos Arizpe, Coahuila"
"367","0","0","Progreso, Yuc."
"368","2","2","Aeropuerto Internal. De M?rida"
"369","0","0","Cd. Reynosa, Tamps."
"370","2","2","Las Flores Cd. Nuevo Progreso,"
"371","3","3","Nuevo Amanecer, Cd. Reynosa, Tamps."
"372","0","0","Salina Cruz, Oax."
"373","0","0","San Luis R?¡o Colorado, Son."
"374","0","0","Cd. Miguel Alem?n, Tamps."
"375","2","2","Nva. Ciudad Guerrero, Tamps."
"376","0","0","Cd. Hidalgo, Chis."
"377","1","1","Tapachula, Chis."
"378","2","2","Talism?n, Chis."
"379","5","5","Puerto Madero, Chis."
"380","6","6","Cd. Cuauhtemoc, Chis."
"381","0","0","Tampico, Tamps."
"382","0","0","Tecate, B.C."
"383","0","0","Tijuana, B.C."
"384","1","1","Mesa De Otay, B.C."
"385","2","2","Aeropuerto Internal. Tijuana,"
"386","0","0","Tuxpan, Ver"
"387","0","0","Veracruz, Ver."
"388","2","2","Aeropuerto Internal. Veracruz,"
"389","0","0","Cd. Acu?a, Coah."
"390","0","0","Torre?n, Coah."
"391","0","0","Aeropuerto Internal. Cd. De M?xico"
"392","1","1","Sat?lite Lado Sur Del Aeropuerto"
"393","2","2","Centro Postal, Mecanizado, Del"
"394","0","0","Guadalajara, Jal."
"395","1","1","Puerto Vallarta, Jal."
"396","4","4","Terminal Intermodal Ferroviaria"
"397","0","0","Sonoyta, Son."
"398","1","1","San Emeterio, Son."
"399","0","0","L?zaro C?rdenas, Mich."
"400","1","1","Zihuatanejo, Gro."
"401","0","0","Monterrey, N.L."
"402","1","1","Aeropuerto Internal. De Apodaca"
"403","0","0","Cancun, Q. Roo."
"404","2","2","Aeropuerto Internal. De Cozumel"
"405","3","3","Puerto Morelos, Q. Roo."
"406","0","0","Quer?taro, Qro."
"407","2","2","Aeropuerto Internal. De Morelia"
"408","3","3","Celaya, Gto. (Exportaci?n)"
"409","4","4","Aeropuerto Internal. Del Baj"
"410","5","5","Le?n, Gto. (Exportaci?n)"
"411","0","0","Toluca, Mex."
"412","0","0","Chihuahua, Chih."
"413","1","1","Parque Ind. Las Am?ricas, Chi"
"414","2","2","Aeropuerto Internal. Chihuahua"
"415","0","0","Aguascalientes, Ags."
"416","1","1","San Luis Potos?, S.L.P.(Exportaci?n)"
"417","2","2","Aeropuerto Internal. De Calera"
"418","0","0","Puebla, Pue."
"419","1","1","Cuernavaca, Mor."
"420","2","2","Tlaxcala, Tlax."
"421","0","0","Colombia, N.L."
"422","0","0","Altamira, Tamps."
"423","0","0","Cd. Camargo, Tamps."
"424","0","0","Dos Bocas, Tab. y Aeropuerto Internal. de Palenque, Chi."
"425","1","1","Aeropuerto Internal. ""C.P. A. Carlos Robirosa"", Villahermosa"
"426","2","2","Frontera, Tabasco."
"427","0","0","Acapulco, Gro."
"428","0","0","Agua Prieta, Sonora."
"429","0","0","Subteniente L??pez, Q. Roo"
"430","0","0","Cd. Del Carmen, Camp."
"431","1","1","Campeche, Camp."
"432","2","2","Frontera, Tab."
"433","0","0","Cd. Ju?írez, Chih."
"434","1","1","Puente Internal. Zaragoza-Isle"
"435","2","2","San Jeronimo-Sta. Teresa"
"436","3","3","Aeropuerto Internal. Ju?írez"
"437","0","0","Coatzacoalcos, Ver."
"438","1","1","Aeropuerto Internal. Villahermosa"
"439","0","0","Ensenada, B.C."
"440","0","0","Guaymas, Son."
"441","0","0","La Paz, B.C.S."
"442","2","2","San Jos? Del Cabo, B.C.S."
"443","3","3","Cabo San Lucas, B.C.S."
"444","4","4","Santa Rosalia, B.C.S."
"445","5","5","Loreto, B.C.S."
"446","7","7","Pichilingue, B.C.S."
"447","0","0","Manzanillo, Col."
"448","0","0","Matamoros, Tamps."
"449","1","1","Pte. Internal Lucio Blanco-Los"
"450","0","0","Mazatlan, Sin."
"451","3","3","Topolobampo, Sin."
"452","4","4","Aeropuerto Internal. De Culiacan"
"453","0","0","Mexicali, B.C."
"454","2","2","Los Algodones, B.C."
"455","3","3","San Felipe, B.C."
"456","0","0","M?®xico"
"457","1","1","Postal Del D.F."
"458","2","2","Pantaco, D. F."
"459","0","0","Naco, Son."
"460","0","0","Nogales, Son."
"461","1","1","Sasabe, Son."
"462","0","0","Nuevo Laredo, Tamps."
"463","0","0","Ojinaga, Chih."
"464","0","0","Puerto Palomas, Chih."
"465","0","0","Piedras Negras, Coah."
"466","1","1","Aeropuerto De Ramos Arizpe, Coahuila"
"467","0","0","Progreso, Yuc."
"468","2","2","Aeropuerto Internal. De M?rida"
"469","0","0","Cd. Reynosa, Tamps."
"470","2","2","Las Flores Cd. Nuevo Progreso,"
"471","3","3","Nuevo Amanecer, Cd. Reynosa, Tamps."
"472","0","0","Salina Cruz, Oax."
"473","0","0","San Luis R?¡o Colorado, Son."
"474","0","0","Cd. Miguel Alem?n, Tamps."
"475","2","2","Nva. Ciudad Guerrero, Tamps."
"476","0","0","Cd. Hidalgo, Chis."
"477","1","1","Tapachula, Chis."
"478","2","2","Talism?n, Chis."
"479","5","5","Puerto Madero, Chis."
"480","6","6","Cd. Cuauhtemoc, Chis."
"481","0","0","Tampico, Tamps."
"482","0","0","Tecate, B.C."
"483","0","0","Tijuana, B.C."
"484","1","1","Mesa De Otay, B.C."
"485","2","2","Aeropuerto Internal. Tijuana,"
"486","0","0","Tuxpan, Ver"
"487","0","0","Veracruz, Ver."
"488","2","2","Aeropuerto Internal. Veracruz,"
"489","0","0","Cd. Acu?a, Coah."
"490","0","0","Torre?n, Coah."
"491","0","0","Aeropuerto Internal. Cd. De M?xico"
"492","1","1","Sat?lite Lado Sur Del Aeropuerto"
"493","2","2","Centro Postal, Mecanizado, Del"
"494","0","0","Guadalajara, Jal."
"495","1","1","Puerto Vallarta, Jal."
"496","4","4","Terminal Intermodal Ferroviaria"
"497","0","0","Sonoyta, Son."
"498","1","1","San Emeterio, Son."
"499","0","0","L?zaro C?rdenas, Mich."
"500","1","1","Zihuatanejo, Gro."
"501","0","0","Monterrey, N.L."
"502","1","1","Aeropuerto Internal. De Apodaca"
"503","0","0","Cancun, Q. Roo."
"504","2","2","Aeropuerto Internal. De Cozumel"
"505","3","3","Puerto Morelos, Q. Roo."
"506","0","0","Quer?taro, Qro."
"507","2","2","Aeropuerto Internal. De Morelia"
"508","3","3","Celaya, Gto. (Exportaci?n)"
"509","4","4","Aeropuerto Internal. Del Baj"
"510","5","5","Le?n, Gto. (Exportaci?n)"
"511","0","0","Toluca, Mex."
"512","0","0","Chihuahua, Chih."
"513","1","1","Parque Ind. Las Am?ricas, Chi"
"514","2","2","Aeropuerto Internal. Chihuahua"
"515","0","0","Aguascalientes, Ags."
"516","1","1","San Luis Potos?, S.L.P.(Exportaci?n)"
"517","2","2","Aeropuerto Internal. De Calera"
"518","0","0","Puebla, Pue."
"519","1","1","Cuernavaca, Mor."
"520","2","2","Tlaxcala, Tlax."
"521","0","0","Colombia, N.L."
"522","0","0","Altamira, Tamps."
"523","0","0","Cd. Camargo, Tamps."
"524","0","0","Dos Bocas, Tab. y Aeropuerto Internal. de Palenque, Chi."
"525","1","1","Aeropuerto Internal. ""C.P. A. Carlos Robirosa"", Villahermosa"
"526","2","2","Frontera, Tabasco."
"527","01","5","Silicon Valley"
